method,run,train_F,test_F,test_F_std,evals,secs
random-search,0,28.222,39.034,9.415,1230,134.6
vanilla GA,0,24.952,38.983,4.804,1230,123.1
guided GA,0,21.139,35.124,12.142,1230,125.5
random-weights GA,0,23.16,32.702,10.707,1230,121.2
(1+1)-ES,0,31.108,39.865,5.915,1230,121.8
calibrated,0,20.305,26.743,11.701,24,0.3
random-search,1,27.358,39.136,6.433,1230,122.0
vanilla GA,1,20.173,34.363,11.714,1230,121.5
guided GA,1,21.65,34.857,14.209,1230,120.7
random-weights GA,1,21.307,38.42,5.937,1230,120.8
(1+1)-ES,1,31.744,39.369,6.278,1230,122.7
calibrated,1,21.417,23.132,16.289,24,0.3
random-search,2,24.516,31.339,10.885,1230,121.6
vanilla GA,2,19.793,35.263,6.896,1230,121.3
guided GA,2,18.505,30.598,12.262,1230,121.2
random-weights GA,2,17.84,32.834,12.872,1230,121.1
(1+1)-ES,2,32.147,40.751,6.629,1230,121.0
calibrated,2,18.361,22.685,10.218,24,0.3
