method,run,test_F_mean,test_F_std,cascade_size,false_trips,latency_penalty,train_F,gens_to_target,evals,secs
fixed-0.5,0,40.556,9.16,35.5,0.0,50.56,33.661,-,1,0.1
random-search,0,35.876,12.996,31.75,0.0,41.26,28.198,-,1230,135.7
vanilla GA,0,39.314,4.391,34.92,0.0,43.97,22.891,5,1230,123.8
guided GA,0,34.52,7.844,30.5,0.17,36.87,19.992,6,1230,128.6
random-search,1,33.459,13.818,29.67,0.0,37.92,27.314,-,1230,182.6
vanilla GA,1,33.494,10.211,29.75,0.0,37.44,20.643,5,1230,148.3
guided GA,1,33.72,12.357,29.75,0.0,39.7,21.651,6,1230,137.9
random-search,2,36.704,8.573,32.42,0.0,42.87,29.62,-,1230,125.1
vanilla GA,2,34.238,11.453,30.5,0.0,37.38,21.75,7,1230,123.3
guided GA,2,31.592,11.619,28.25,0.0,33.42,20.611,7,1230,122.1
